,names,x,y,z
0,Thiago Silva,29889.655509416043,1843.8054052570833,-1123.0202008043816
1,Neto,11994.87106915512,7268.574321764002,2366.8964969413955
2,Brandon Aguilera,-12786.817991180335,792.3753138782408,-573.6298326826637
3,Vitinho,132.22466087952873,-976.6199216616986,567.6599598034103
4,Ashley Young,1674.5754888776744,1120.1539652458994,11.249503313446725
5,Remi Matthews,-12840.638329739617,788.4919892868056,-568.7107076122959
6,S?amus Coleman,-8981.32814437588,831.1346330616891,-390.0169182538014
7,Mathias J?rgensen,-4483.343422870661,1433.4055243348998,-522.347569107171
8,?ukasz Fabia?ski,-6474.80480911919,2528.898912178584,28.493041584311054
9,Aaron Cresswell,-8250.480954284329,1053.237060472048,-870.1666911915446
10,Wes Foderingham,11472.590597201646,8164.141550355089,2571.7602267585235
11,Adam Lallana,-7526.004712023606,-159.34256098790635,-709.3117248042832
12,Adam Smith,1365.3440256926708,1079.9078748236216,-695.5132442248341
13,Ben Mee,-2702.776624148913,819.1209542576331,-341.27047320411145
14,James Milner,-4596.464989832172,529.6639629809061,-1088.3677484135972
15,Joel Ward,602.9458190679134,1793.7529336991201,-552.1634314121567
16,Martin D?bravka,1016.7801434326518,3137.4098602225745,257.94327486675024
17,Nathaniel Clyne,-4423.9977751744655,883.2470658121514,-683.5750697725393
18,Robin Olsen,-8716.086350028647,1478.6710666077656,-379.8592256394511
19,Andros Townsend,-7044.789183724101,-625.790528869649,364.5327053533233
20,Andr? Gomes,-8679.599420954917,302.385394612093,-771.8438932813222
21,Craig Dawson,12561.92974978496,495.57188940436197,-1545.854667883693
22,Daniel Bentley,-10026.827009292552,1548.367290588937,-402.5460005980759
23,Ivan Peri?i?,-11843.026272977293,677.0545840863027,-313.222532870151
24,James Hill,-12248.099519506372,861.1664535916354,-640.1885095016997
25,Jonny Evans,241.0244002315443,1.1743061383419018,-629.7025106928517
26,Omari Forson,-12443.547667459603,716.1562678343705,-584.0047746315578
27,Tom Cairney,5780.5477154177015,-2288.605668614104,-881.402202936332
28,Emil Krafth,-4466.218923551524,787.884599800309,-538.3497133248985
29,George Baldock,-7690.502551471886,754.5985639269684,-537.8647121995555
30,Willy Boly,-2331.4800424527157,1261.5487034732841,-592.119474091813
31,Charlie Taylor,5134.283825792474,-125.67887541628416,-1190.0396845745292
32,Gabriel Osho,-788.99432522372,670.1992644883077,-704.2225070044386
33,Ja?ro Riedewald,-11352.235287982263,635.0548910779377,-734.0784923178012
34,Matt Doherty,-4535.909902266349,135.54831913990938,-1248.0779132806954
35,Rodrigo Ribeiro,-12734.321104605535,769.3221597872068,-538.1578585394786
36,Thomas Strakosha,-11082.994490732126,1237.2642367417589,-550.9562109277584
37,William Osula,-12104.15196848611,381.0485635776118,-211.27703805542117
38,Willian,4855.420503546939,-2688.8097991816626,958.6011278184112
39,Ivo Grbi?,-6045.835041659472,2911.7141198590634,493.79224430680443
40,Jason Steele,1757.8927632983275,4245.001334906341,389.2518850277343
41,Mark Travers,-10125.615153855995,1502.0343277419697,-322.01705363086046
42,Carlos Vin?cius,-12180.025793243982,582.8846067539038,-466.76237856512086
43,Emiliano Mart?nez,19756.116343169153,6540.442951339055,827.5782183595524
44,Enso Gonzalez,-12756.35310611112,763.0894836846488,-585.1348246418103
45,Jordan Ayew,-1805.1522340467063,-2807.8600668460526,1699.2350468959617
46,Michail Antonio,-9588.06238769461,-595.855370580488,914.983019643767
47,Tim Iroegbunam,-12054.84475843275,708.0261912381217,-527.500561610618
48,Danny Welbeck,-7548.919802381914,-851.2921462608899,-131.8640461206746
49,Donny van de Beek,-12837.925121519678,792.5925318586883,-584.4153739543082
50,Harry Toffolo,-5095.393782306657,1227.0034705259727,-897.9621986227118
51,Ra?l Jim?nez,-9062.996205387179,-169.45945816045926,-256.75113665089566
52,Sasa Kalajdzic,-12287.215788090256,704.310418288585,-582.4314388976275
53,Willy Kambwala,-9776.74095050079,632.7459107621929,-498.46400790095583
54,Boubacar Traor?,-6599.897774165682,-100.88184729787535,-808.157135444714
55,Hugo Bueno,-8022.485808640982,-204.6553771334119,-221.56198385056234
56,Luke Thomas,-8559.65816359998,680.4107826938977,-610.1417590378729
57,Mahmoud Dahoud,-8573.406939488972,136.2809571110081,-762.9518483728353
58,Michael Keane,-9007.187983036674,788.3942739960968,-736.5976972682183
59,Arijanet Muric,1013.7856361863612,4253.601330126778,1257.1299986892222
60,Auston Trusty,701.2663482047232,980.9436990865429,-1221.541493602851
61,Chris Wood,-9098.09874662817,56.14893373106223,-557.9868837176357
62,Dara O'Shea,17675.610544307227,335.5091031608325,-378.9439911554922
63,Jamaal Lascelles,-171.9951710904475,30.28393488294545,-706.3531514179249
64,Jeffrey Schlupp,-8919.397318980262,-16.777769050398103,-167.5826508371854
65,Leander Dendoncker,-12077.125898926099,689.1761794750724,-683.9186093513085
66,Matt Turner,2424.926261915554,5500.478229526676,1205.6336321181557
67,Matz Sels,-3508.1096001183755,3508.2737903595444,249.02945004934406
68,Ben Johnson,-8435.636246927446,382.68846599818147,21.848634241060182
69,Chiedozie Ogbene,-2888.9387542771456,-2568.612540741416,3522.433848087427
70,Christian Eriksen,-1583.5397117364405,-511.08533783732486,-948.2282996096556
71,Dan Burn,11748.493057806318,774.9076973447608,-1515.103977342257
72,Danny Ings,-11889.653274323577,523.825874628992,-476.0902376472132
73,David Brooks,-11017.629482845517,640.3870915954271,-237.129034954263
74,Facundo Pellistri,-12046.34117082834,498.13387238974053,-327.9370415541539
75,Jacob Bruun Larsen,-5957.13272328888,-819.4978741598602,281.3693675955839
76,Naouirou Ahamada,-10102.673149133761,230.4442230905199,-235.59301715270274
77,Pascal Gro?,34099.83661722695,-2960.5859507750342,-587.3788169319906
78,Ross Barkley,10936.716582212423,-1776.9931609842106,400.22138025320373
79,Santiago Bueno,-5028.528910380793,128.22133029728766,-529.1425952387871
80,Vladim?r Coufal,9034.685193544778,1634.0385061730603,1218.1953993543864
81,Adama Traor?,-10998.170823248276,154.75744490949515,271.680599381178
82,Alejo V?liz,-12752.960250142627,767.173157312819,-593.5415266039279
83,Anass Zaroury,-12058.110422345106,552.9896190325342,-479.43780186350153
84,Bertrand Traor?,-12820.251341942087,767.5411264751909,-549.2483758054583
85,Frank Onyeka,-7728.353894785111,-162.42291385977956,-314.8356358133305
86,Maxwel Cornet,-12375.260025294647,612.7833031456935,-456.8515149019647
87,Scott McKenna,-9747.062631349632,1085.0863364180393,-690.0224294060533
88,Stefan Ortega,-6858.5249731346075,2291.637276281668,-29.335096673436126
89,Will Hughes,-1291.9965211765957,-44.80344852110278,-1302.994133368957
90,Abdoulaye Doucour?,-2065.1350875385315,-1318.7696375159242,75.19913803279694
91,Alphonse Areola,8758.629149989603,6403.374905558104,1710.7038246126629
92,Anthony Martial,-11457.79179454538,472.48785800872963,-521.473621421248
93,Antoine Semenyo,-4569.702656528375,-2271.4132565707164,2477.1803466963456
94,Ben Davies,2605.98329848817,422.6978084302625,-35.796995765464494
95,Ben Godfrey,-6412.487200230274,887.554457241382,-532.8549791619229
96,Cesare Casadei,-12002.19868620674,632.8027799391505,-602.3896493886551
97,Cl?ment Lenglet,4414.794171247876,-605.4567531265453,533.7362763743263
98,Danilo,-1368.474482322275,-137.6068238000711,-573.0404721782352
99,Fabian Sch?r,27793.47193983872,1186.3059018054041,759.3261471264029
100,Gonzalo Montiel,-7635.684165698272,906.9199934888984,-461.28501026218305
101,Issa Kabor?,-3121.437256237818,-27.393714415258106,760.2029910534815
102,Jakub Moder,-9243.31246853419,280.5011955781597,-458.7861697507772
103,Jo?l Veltman,335.76733066491863,-446.00730674993446,-1235.3821822287703
104,Josh Dasilva,-12645.052165757896,725.628231268991,-470.73359431941566
105,Kieran Trippier,19594.348095475638,1316.2062726128547,-2521.219530838428
106,Lorenz Assignon,-6647.351742989394,202.40536075018966,142.34023454026092
107,Mads Roerslev,-3466.036557199661,353.0099930927102,-498.57975137784615
108,Mario Lemina,9095.547040190231,-1787.2280165338047,-987.2141392408306
109,Matt Targett,-12133.250267277186,728.9644341208178,-584.7373086220038
110,Mikkel Damsgaard,-7193.156660931432,386.4894048094924,-28.58626114872585
111,Pablo Sarabia,-485.17536053957116,-364.86987044672725,141.26696218193499
112,Sa?a Luki?,-5552.838451367822,-57.60510204385945,-696.0005655222631
113,Sam Johnstone,1337.832474107613,4766.390006514348,1065.34147248613
114,Sergio G?mez,-12163.571701051073,610.1646039595477,-547.8857340241165
115,Thilo Kehrer,-12748.179827276406,797.0651128560105,-585.9325322379304
116,Tommy Doyle,3369.800915527297,-531.5444247141374,-1304.9253166059932
117,Wilson Odobert,-5313.722230929428,-1950.6006486424876,2461.4297893903904
118,Andrew Omobamidele,-7283.441843652159,369.28830507268714,-832.9357554363822
119,F?bio Silva,-11951.549387823927,525.4550848649341,-386.4152149553021
120,Ameen Al-Dakhil,-2286.3315871308387,-137.12034374798148,-375.5313465719368
121,Chris Richards,1581.566843446717,363.0365407185139,-1421.5923533125558
122,David Datro Fofana,-10953.086486028778,36.9414176887007,130.0182739452196
123,Dean Henderson,-3549.662968063528,3028.731546167435,582.4603397849254
124,Emerson,1805.6006989782295,-561.5333438091933,-1278.6316168788237
125,Eric Dier,-10495.473838734873,1064.7389215659618,-625.6265576304606
126,Ethan Pinnock,11920.221291496118,-485.5002736031266,-322.87416611490124
127,James Mcatee,-6597.76647372245,-960.9329101600227,1128.622452046927
128,Jorginho,-619.1250820257574,138.06420815201145,-1346.6924758784926
129,Lewis Cook,9313.225953636966,5.0690383166502455,-1160.7511853539338
130,Lewis Dunk,43558.7879970508,463.05409708738375,-214.28404258356602
131,Lucas Digne,5084.785202509345,-85.59529939286662,-550.5795279119651
132,Mark Flekken,26235.352563373348,10317.079620838584,2280.5189501499617
133,N?lson Semedo,11851.714247671263,-2181.859381915901,2182.0007601982256
134,Neal Maupay,-8094.084305987299,-246.86245275156512,-353.15841468224886
135,Ola Aina,-1728.1221464231178,263.42190444290515,742.815849975599
136,Ryan Christie,7724.815522139207,-2063.447192307342,310.91850153770775
137,Ryan Yates,-1558.9181425557667,-342.4290117913067,-1297.5265540313183
138,Sergio Reguil?n,-1705.0428840684976,375.5773123853187,390.7909316625128
139,Tariq Lamptey,-6897.586453801821,-817.2869413191422,-69.10494723279383
140,Zeki Amdouni,-5857.012452622113,-1413.7092109512887,787.9116403495841
141,?lex Moreno,-5713.692956264672,-536.1691830615463,-9.713256665910574
142,Arnaut Danjuma,-11104.494346277743,109.87666239691104,187.4453291545977
143,Bernd Leno,22070.36566044402,7692.437288456639,853.5543941341882
144,Callum Wilson,-11345.757305974943,84.27480636650081,-59.51464326326158
145,Cameron Archer,-9059.867072799825,-807.7197159754542,530.7593892441087
146,Cameron Archer1,-12794.84011289276,761.8737486655549,-557.3294973520013
147,James Tarkowski,15388.716349109161,1499.9009627574035,-137.7246316901598
148,Kyle Walker,25301.371769205565,-4071.2177697057696,-2573.870430591332
149,Trevoh Chalobah,-49.519032357506596,364.0540888713417,-1933.264321628575
150,Tyrone Mings,-12703.859719545331,838.5611085662658,-582.2053512295681
151,Valent?n Barco,-10029.632539892638,558.7749982579778,-442.1936591189326
152,Wataru Endo,6300.019666771829,-761.8460196146527,-1618.4312636561378
153,Bryan Gil,-10860.695581037353,271.8087734968913,-380.20485985892327
154,Jos? S?,8148.930560334729,4162.685037483322,2814.0984698958996
155,Justin Kluivert,-7593.634794379856,-877.4031580728101,1228.7566917945285
156,Pablo Fornals,-10023.401300636191,468.8194250479383,-619.2004379252677
157,Albert Sambi Lokonga,-656.0557762081628,-498.52366969447263,-182.04726687461127
158,Andrey Santos,-12746.46622244741,792.396019109615,-585.0223871855441
159,Carney Chukwuemeka,-11225.799762880182,342.4190953112018,-420.9891392947712
160,Conor Bradley,-5887.052012586726,-222.17136821487665,21.556966749025563
161,Elliot Anderson,-7115.4050031715005,-519.363857268167,370.54570123031965
162,Harrison Reed,-2667.863597765129,-304.27090056493506,-1535.3585965781422
163,Jacob Murphy,-6741.099879471731,86.67890322207735,422.7599646293446
164,Jean-Ricner Bellegarde,-8901.81536404543,-342.5671145762767,260.4174074406512
165,Keane Lewis-Potter,-7859.649723318186,-953.5239946742008,1113.851175272701
166,Kenny Tete,-5633.66344974343,800.2092218283614,-472.0564101818589
167,Kristoffer Ajer,-1434.3889262053742,397.77627474393057,-280.0463574386286
168,Matheus Fran?a,-11735.034687020507,412.65054873507574,-109.52054555672476
169,Morgan Rogers,-10184.902719026564,391.9812932485455,3.5607363352558927
170,Nathan Patterson,-5815.616478617321,1022.351102209602,-432.07781968956516
171,Nuno Tavares,-9458.435108018572,546.2728896685695,-230.35511206043813
172,Oliver Skipp,-7251.1572620806555,402.82826171315173,-1056.3040086031478
173,Reiss Nelson,-11011.696075725255,284.01538215466576,-390.4847125191759
174,Romain Faivre,-12517.265913346699,710.5051036612443,-416.215305840312
175,Tyler Adams,-11801.161180930963,693.3382844497547,-626.4596252286098
176,Victor Lindel?f,1431.0241390668252,-609.6990535054554,-757.1359892885977
177,Calvin Bassey,17102.388774701893,-265.5464819823324,-582.1576855270666
178,Diego Carlos,13098.008601533456,1111.1256362542345,-337.48118974094217
179,Giovani Lo Celso,-5352.973489817492,-2.818687664555428,-334.34609505284004
180,Jack Hinshelwood,-6469.308744887289,-397.242955640281,-723.6358735798007
181,Max Aarons,-4475.457502841995,329.4959747591215,22.111548739192813
182,Moussa Niakhate,-204.6574615714191,570.6386722520122,-520.0408594254229
183,Nick Pope,-3616.2136131798434,2685.465404087924,-221.63829958584816
184,Davinson S?nchez,-11689.278424607228,758.7558068113125,-588.9154495625685
185,Hamed Junior Traor?,-12557.65885675974,702.8642026960674,-497.8677918508587
186,Harry Wilson,-4479.438872525842,-1271.6673057140606,492.51997129848735
187,Igor,11213.611930063174,-870.2635800338091,-243.77161244119497
188,Luis Sinisterra,-9055.027848531574,-497.76121238919075,649.2633785596536
189,Neco Williams,-3382.7569506983737,78.69503280727619,919.8025043805195
190,Nicol?s Dom?nguez,-1084.3021546661093,-44.61881243885454,-1133.7474897467482
191,Timo Werner,-8116.602648354666,-880.5362897581404,950.2231876826758
192,Timothy Castagne,10363.163224028867,265.84243153318863,-1470.845657744367
193,Amad Diallo,-10711.267080362168,53.45474540120888,-235.56135452313484
194,Bart Verbruggen,5200.353053276414,5100.547650068194,859.8435856285566
195,Billy Gilmour,18640.58332266349,-2621.8032119103596,-1850.9669730603289
196,Callum Hudson-Odoi,-2544.714240181358,-2524.880571199056,2023.3852864366347
197,Christian N?rgaard,7890.6846894646515,-116.43228838306396,-1628.5150408268628
198,Daniel Mu?oz,-4340.235020358707,454.74603810689166,-357.63458468135957
199,Enes ?nal,-12034.039847307662,621.0511519284943,-446.1501708823956
200,Facundo Buonanotte,-7224.771558597237,-759.6441718546789,165.36804331155227
201,Harry Maguire,6270.96330867335,-6.863365213733431,641.5402203886958
202,Jack Harrison,-5768.9249158663715,-386.64364652564876,1382.8263129759832
203,Jan Paul van Hecke,30292.354763760653,-776.2315817885753,2086.0587256605154
204,Lewis Hall,-4305.022868137002,731.7156167938011,-239.2330760196911
205,Lloyd Kelly,1855.3153314107678,176.0759827591662,-926.7680260126605
206,Odsonne ?douard,-9237.64959447774,-364.5254520484954,293.51098890779247
207,Solly March,-9368.008384983346,310.9166883606472,-387.47903294045375
208,Thomas Partey,-2903.305186540735,-264.0285387094212,-648.069252320621
209,?or?e Petrovi?,4153.009376057166,4229.0966976570935,16.5296752192442
210,Aaron Wan-Bissaka,-798.0149321667703,-278.4705739892716,-218.10994935578017
211,Adam Webster,5883.298746589411,-194.8102881302007,-171.09064026202964
212,Alex Scott,-6433.063190475962,-341.90281185075673,121.80350657896109
213,Andreas Pereira,5138.676618151294,-737.3358392200083,43.464147130049795
214,Beto,-11116.264673238862,142.6048093365908,-40.20286881998289
215,Caoimh?n Kelleher,-3114.526278677283,2654.019725011211,527.5654298437217
216,Casemiro,9381.42420422539,898.4440830440068,-1167.5904936068416
217,Dango Ouattara,-5988.022343427009,-360.73182041981346,635.8209131802853
218,Issa Diop,6793.331141506701,-35.712161559114435,173.358899636111
219,Jean-Philippe Mateta,-8278.204441485297,-647.9752317020775,191.56527949276185
220,Jefferson Lerma,4380.121906165891,-79.61255127991684,-1250.8788884560254
221,Jhon Dur?n,-11616.92530794456,440.42680054344834,-415.4810442160994
222,Konstantinos Mavropanos,-1996.0715263569402,742.1555323080449,-81.98341236304016
223,Marcus Tavernier,-515.4681141706404,-1484.5546585256902,1761.4670434331792
224,Miguel Almir?n,-2695.001785997904,-2171.174498237272,1268.8998089592935
225,Milos Kerkez,-1762.128804872713,-275.6876149088994,390.07614389244867
226,Nicol? Zaniolo,-10192.199773468712,-281.0622945428581,640.5563851204236
227,Orel Mangala,-3159.515204617018,-357.2299291455759,-864.5110760202176
228,Rico Henry,-10278.844303509892,546.2476494052623,-405.9729087624901
229,Robert S?nchez,1220.30883086345,3872.754546459541,341.08447669256526
230,Rodrigo Muniz,-10563.95757926333,303.9875988308143,-370.31483402302075
231,Sa?d Benrahma,-9846.115027393667,-294.4528416157774,291.22419121649676
232,Sander Berge,13099.287218874111,-3497.5305861076426,-990.3286328403793
233,Tosin Adarabioyo,10453.11746099668,552.9423372866577,-227.677052961185
234,Anthony Elanga,-4901.674569661506,-2075.179882519531,2249.340716074278
235,Armando Broja,-11520.622976400076,192.2891326932064,-132.50046238055606
236,Carlos Baleba,-1511.017554652925,-1269.0377481859218,-691.3193174507693
237,Dominic Calvert-Lewin,-9350.721198004947,-548.6161713047376,521.2147395333626
238,Dwight McNeil,4188.388921800769,-1461.0656891265214,1624.4719234444665
239,Emile Smith Rowe,-10180.636418319076,187.608562453714,-429.4790422349204
240,Fabio Vieira,-10731.47962898907,401.95528127893164,-555.6411961868348
241,James Garner,4529.308092621859,-1067.8622861486047,-859.249959318658
242,Jarell Quansah,7773.855252339151,-637.1009102415547,57.84012638862301
243,Jordan Pickford,28119.650547960417,12997.182188713354,4810.447931669306
244,Julio Enciso,-10593.383445546287,84.86948097361775,311.60488813485034
245,Kevin Schade,-11848.367658382595,439.60057849348095,-197.9139591689145
246,Lewis Miley,-5766.417500947349,-195.54370584501578,-729.682389996915
247,Marcos Senesi,11741.105828331225,1369.29412659338,451.46302061686913
248,Philip Billing,-6160.917055033928,-43.76529952808436,-325.8546690158648
249,Sofyan Amrabat,-1799.3491792747973,-334.9661687658459,-941.3662707965719
250,Vitaly Janelt,6126.98295331815,-612.4124984402633,-1324.0403434945176
251,Aaron Ramsdale,-8791.484984304985,1779.1374119589395,-57.10818899364582
252,Alex Iwobi,3294.6501466548084,-1996.4365355310356,2177.170401923578
253,Ansu Fati,-10238.801859869143,129.95006232259982,-242.47124564604889
254,Antonee Robinson,17735.5411023776,-1008.1026114141222,1105.4259031989961
255,Antony,-5601.178556133133,-1355.3838105300986,1472.1303260784048
256,Kalvin Phillips,-8995.637140167362,222.25208859775455,-566.5739089449637
257,Lesley Ugochukwu,-10120.864646568798,474.25833852891765,-578.9191627935865
258,Marc Cucurella,3461.1345695798486,-412.66277994634845,-1315.296211567322
259,Nathan Collins,13094.729682421932,614.0308126290363,-685.8397428435854
260,Oscar Bobb,-10592.444730057265,344.47130258994537,-436.288848770789
261,Radu Dr?gu?in,-6638.610147118557,265.64791457329414,-387.40851282613755
262,Sean Longstaff,3934.9822201371094,-249.22829261986027,-896.8254366719027
263,Tyrick Mitchell,8012.660102494494,1512.9876193386538,-830.1596562445413
264,Youri Tielemans,1241.637748146694,-220.15701355869916,-791.2889800224534
265,Aaron Hickey,-8728.67225554746,126.41640989908083,-526.0601289162915
266,Alisson,12406.925889950851,5438.817769481924,1097.3091236471787
267,Ben Chilwell,-7006.248085626004,-33.805326691888226,-169.04108234148808
268,Joe Gomez,7659.719926447272,-1543.7304356202992,-725.4194479425881
269,Mathias Jensen,6168.358944449465,797.2109588450772,-1369.8590503694497
270,Matty Cash,4953.7555937492725,-1217.8571069791226,286.5508543616755
271,Noni Madueke,-6360.151646037731,-1414.6256138905321,1556.973449862373
272,Taiwo Awoniyi,-11052.604321442792,255.87641202856005,-328.01836360505285
273,Vitaliy Mykolenko,2387.520919601929,1238.0371245763317,-733.9832950860877
274,Yoane Wissa,-7755.543947920057,-771.7317062400031,928.0401278064516
275,Adam Wharton,-4117.773682928502,318.62458580857424,-1041.3921619538485
276,Andrew Robertson,10567.588955189573,-350.1507886581336,-571.1859770216835
277,Beno?t Badiashile,7756.098744732577,985.9370930702718,-1171.6951179557673
278,Eddie Nketiah,-10283.404741767765,-175.00109566139247,-190.18412936397308
279,Ibrahim Sangar?,-6875.755943272543,343.66043621168836,-702.8462649309344
280,Jadon Sancho,-12312.340044130386,620.4552978318529,-391.54930538285475
281,Jakub Kiwior,-3533.3852571061175,770.6916826619516,-1129.3103501083876
282,James Ward-Prowse,12137.479223204873,-384.5938304046799,-2255.058496199486
283,Joe Willock,-10450.239074257193,382.08331296832114,-187.03702126927715
284,John McGinn,7051.706957270539,-1001.459700574107,333.61011648410494
285,Mateo Kova?i?,9260.722049363996,-3136.140875003853,-303.22403635419573
286,Pervis Estupi??n,105.82890187157882,-512.4239480986747,-224.3632525754206
287,Simon Adingra,-2724.9469504311196,-2665.999429843815,2042.496129384891
288,Tom?? Sou?ek,-559.5405862485187,303.7502582529473,-1486.2275273075727
289,Virgil van Dijk,41666.67025783343,924.6366566588727,-782.9337754145753
290,Luke Shaw,-3663.8146349704793,608.2359982569785,-498.8171568350378
291,Max Kilman,27617.363926331953,11.632874418967122,-1050.1824433225884
292,Scott McTominay,-4259.629062524672,-496.9710082119047,-458.5960519598242
293,Andr? Onana,20123.082609940462,7655.923315457533,3696.2281375450366
294,Cheick Doucour?,-6597.147582111082,447.2044291549571,-754.166340020476
295,Curtis Jones,-1689.657488118314,-1459.6979407032618,-324.39615805304186
296,David Raya,11030.849817844954,6781.367048990079,1732.630819161211
297,Diogo Dalot,14413.709058534803,-813.7347886551051,-801.6246795398035
298,Edson ?lvarez,6039.709741028005,-1261.251098382339,251.99420300742244
299,Ezri Konsa,22157.336040519425,-884.1518996930628,-790.9329460046685
300,Guglielmo Vicario,17495.518225926462,5841.13721454519,1081.341477676205
301,Harvey Barnes,-9351.234116761192,-275.528339951393,458.61517031541644
302,Harvey Elliott,1310.9745971808754,-1603.385577807038,-246.8711956793142
303,Jacob Ramsey,-8622.568062855476,-294.03524599463844,115.80309769433241
304,Jo?o Gomes,3798.287235826051,-1242.62969938,-628.5992017088566
305,Joachim Andersen,29017.68234256569,1230.936596157536,-734.6128006722222
306,Leandro Trossard,-4154.900620472968,-1316.6301978515014,950.9913151717686
307,Malo Gusto,6546.743273943602,-1785.734732808594,462.1660705617263
308,Mason Mount,-10148.326069974131,430.8589121127917,-409.21551923407543
309,Murillo,13471.5557010786,1714.997137669791,1120.8781962031023
310,Nayef Aguerd,9603.071612027728,1672.7020107573478,141.64864192714518
311,Nicolas Jackson,-5096.446802629302,-1955.7504259185348,2013.3229523787254
312,Raheem Sterling,-4295.370812693789,-2311.931646716619,2730.3903998279648
313,Rayan A?t-Nouri,2714.8558884710956,-1726.2286361554775,751.0998183648545
314,Rodrigo Bentancur,-1968.7558382610657,-720.0458249487525,-521.7901117988004
315,Rom?o Lavia,-12481.513048285862,716.3455401347272,-607.4878859275761
316,Ryan Gravenberch,-6474.779931489554,-430.4264125185823,558.7881075686806
317,Takehiro Tomiyasu,-3135.92826113458,-234.4585707405158,-653.2356748442228
318,Yves Bissouma,14634.96834082923,-2464.9610159508034,22.238984909453976
319,Boubacar Kamara,2427.4675874650047,-859.014099642865,-610.4889462356015
320,John Stones,424.79555144018366,-1253.6491553672795,-616.8641700962207
321,Jurri?n Timber,-11795.530908935525,629.8499961774247,-603.9491818103728
322,Marc Gu?hi,11968.97808133678,450.5027700625865,-1293.099511840538
323,Oleksandr Zinchenko,12139.780921877269,-979.8998610455175,-1353.2374869733342
324,Richarlison,-8579.064865227281,-211.82415854445912,23.094004753210463
325,Rico Lewis,-5407.691077794555,-805.6341732433286,-902.5177931840494
326,Sandro Tonali,-8808.63582804692,186.10514705712814,-672.1342108149819
327,Axel Disasi,24523.94478730752,-877.1920178283935,-807.4395993257513
328,Bryan Mbeumo,-3627.1883711815467,-1360.273354449204,1744.5341244609706
329,Dominic Solanke,-6720.444575700747,-1362.663542814051,1707.2421390168906
330,Ederson,18011.229083877915,8270.542083775506,1344.0740621862883
331,Ian Maatsen,-11334.003948058351,512.7156670352198,-339.42156996265834
332,Joelinton,-4854.374106844088,-447.4813697467743,-348.9113816264417
333,Morgan Gibbs-White,7748.182398429319,-1295.815051131421,838.8574270390421
334,Nathan Ak?,16001.444473137919,-980.5565467485502,-340.5446499293067
335,Reece James,-7989.969248245849,406.7664448848773,-556.5702724405152
336,Jarrad Branthwaite,9777.905137607497,1458.4119885246319,-1538.2348257546948
337,Leon Bailey,-2347.221029368751,-1899.3210685891409,2166.031877349895
338,Alejandro Garnacho,-1754.1311105249615,-4619.2277140916885,4417.057345821255
339,Destiny Udogie,6039.848159380532,-2031.0729068725584,1506.8725717670698
340,Ibrahima Konat?,12794.15506903521,238.50218187764682,818.5790881197764
341,Jo?o Pedro,-2851.1075139692616,-2385.8176190063914,1789.47432103659
342,Kaoru Mitoma,-5262.352787710049,-2238.1973560173865,2774.3751245512117
343,Lisandro Mart?nez,-5305.60801063541,109.52194617076727,-383.90079062361576
344,Manuel Akanji,25695.435348337716,-3279.667643102465,-939.4826585596362
345,Matheus Cunha,-2322.7269393689326,-2516.8059067069344,2759.157106626238
346,Pape Matar Sarr,5894.320530561193,-2600.63874968694,393.57665263732304
347,Pau Torres,19694.765810242658,-2366.2272745951955,2287.4699099868253
348,Pedro Porro,17718.976094043042,418.9337980495397,-644.2555951078207
349,Sven Botman,5936.93121733954,1339.3730303116872,-1097.9801564601
350,Brennan Johnson,-3655.284382633361,-1839.862405884723,1527.0974002779408
351,Amadou Onana,2796.034223727278,-606.9062558782803,-1267.7628574998525
352,Cody Gakpo,-5779.808313449974,-834.8541922784058,813.1603635487057
353,Conor Gallagher,15772.153696703084,-3940.8777862881775,-937.4378572699022
354,Diogo Jota,-8243.412731202343,-561.8450548020514,481.60922402408954
355,Evan Ferguson,-9585.432261586635,-298.4541035312543,-366.63059984719104
356,Jarrod Bowen,-4600.944050395337,-1918.6390104586599,2225.541148577356
357,Kevin De Bruyne,-202.318109797165,-625.650675428235,-376.1704377442772
358,Kobbie Mainoo,-1357.8362377559997,-1038.737315300808,-274.2656962664821
359,Levi Colwill,5241.315119480113,255.58360147740635,-410.84615471886445
360,Matheus Nunes,-6115.367334813415,-1145.7496822558865,189.2661358923673
361,Mohammed Kudus,-123.02327918324616,-3932.347725386745,2628.529755137987
362,Ben White,17806.291034611473,97.5997415864598,-1708.4331901949538
363,Dejan Kulusevski,2865.4920840140558,-3532.032511719558,3447.0100355685518
364,Eberechi Eze,-213.7020582171971,-1598.4502434030367,1275.2061651900008
365,Jo?o Palhinha,7432.075804794875,-339.4313928717297,-2575.6920391093545
366,Michael Olise,-2986.123429544256,-1146.0667199791499,1364.865679143427
367,Micky van de Ven,19845.50004548051,-465.6579783181019,-832.2015202657512
368,Mohamed Salah,-328.3081858991554,-1968.7157340731999,1974.715906784636
369,Pedro Neto,-3264.5801984867526,-2112.9520282750354,2056.1509242281136
370,Anthony Gordon,1387.7150698010055,-3144.8431758030965,3781.6237352167427
371,Cristian Romero,33546.267894886754,204.5416087192694,862.4875092842171
372,Jack Grealish,-4956.7036167561,-2083.7562386697573,1245.5823204760275
373,Marcus Rashford,-3769.4865142409117,-2000.1267320740435,2234.1156628583763
374,Christopher Nkunku,-10584.624068299512,457.799275172556,-493.6438446335717
375,Gabriel Jesus,-6897.421317033929,-1076.912573858101,408.9221080921361
376,Jeremy Doku,-1348.0107466684246,-4448.562169792001,4298.078493277405
377,Lucas Paquet?,5692.477783028144,-492.71745069084847,11.981279770756808
378,Ollie Watkins,-6289.9492538613495,-1532.819279535998,668.3609721055642
379,Rasmus H?jlund,-8674.252248095283,-505.9485224693626,544.5105811716098
380,Bernardo Silva,14409.739693376625,-5026.0708265716785,928.9463600879127
381,Bruno Fernandes,18606.029372966677,-285.28113149016923,-326.96718612880005
382,Darwin N??ez,-7354.938877831962,-976.2304227376583,710.43764447538
383,Douglas Luiz,20549.12234170931,-3363.565467624031,-1277.7201688833607
384,Gabriel Magalh?es,22043.782617727986,-700.5987328180853,-1740.1276576680084
385,Gabriel Martinelli,-482.42741038981825,-3220.5586847347404,2006.5985521020557
386,James Maddison,8936.423096651042,-1698.0611762475803,932.071306952007
387,Kai Havertz,-2264.432911304551,-1172.272908118447,-42.69421371483179
388,Trent Alexander-Arnold,20944.606063805215,1596.4236716670782,-822.829230756775
389,Alexander Isak,-6607.430158827769,-1174.8246459294348,922.4666110634091
390,Alexis Mac Allister,15910.82857118753,-1810.2877282332117,-1307.17330786983
391,Dominik Szoboszlai,9118.852728877542,-2558.8356341654567,-439.3355738897255
392,Enzo Fern?ndez,18192.874010649884,-1640.421779224203,-1433.8017828329325
393,Jo?ko Gvardiol,14222.918651793187,-2929.1377368055937,-1044.5400199428766
394,Luis D?az,2777.6490871433157,-3918.3311469312343,2892.917327197611
395,Mois?s Caicedo,18891.96922176019,-1778.1951012712173,-2597.010487554566
396,Cole Palmer,8136.089714951076,-2533.407872472045,2005.519385329155
397,R?ben Dias,34173.41142442247,-3029.381846044278,741.9651551277491
398,William Saliba,35338.083337390584,-223.29838498290394,-634.0260543816397
399,Bruno Guimar?es,23711.082046366457,-4040.35131548161,879.2804889646958
400,Juli?n ?lvarez,2303.529566307416,-2308.125827877074,-41.73967833701074
401,Martin ?degaard,15784.760284549977,-2718.3838888524,1119.6398947806524
402,Declan Rice,24593.439191623547,-4254.613985422911,889.5946667097896
403,Rodri,48501.56127725839,-4707.969715215772,-2976.902008653066
404,Bukayo Saka,6183.8775268960135,-3342.3366189121025,2229.044394402713
405,Phil Foden,9133.069098284066,-4483.583328089246,423.5179258354134
406,Erling Haaland,-9193.661098041523,-445.2861602733296,40.20317377056621
